Details of investor complaints received by the Company are filed on a quarterly basis with the Stock Exchanges where the Company’s shares are listed, and also with the SEBI on a half-yearly basis.
(B) 43,840
The Statutory Auditors issued an opinion that the consolidated Ind AS financial statements of ITC Limited give a true and fair view in conformity with the accounting principles generally accepted in India, of the consolidated state of affairs of the Group, its associates, and joint ventures as at March 31, 2025, including their consolidated profit, other comprehensive income, cash flows, and changes in equity for the year then ended.
The values of 'Undisputed Dues – Others (Not Due)' are as follows:  - As at 31st March, 2024: ₹662.21 Crores - As at 31st March, 2025: ₹917.86 Crores  The change between them is an increase of ₹255.65 Crores.
(A) The annual financial statements are reviewed by the Audit Committee, performance reports are presented to the Board half-yearly, and Board Meeting Minutes with significant transactions are placed before the Board.
I don't know based on the provided context.
(A) Aashirvaad, Sunfeast, Bingo!, YiPPee!, Kitchens of India
Sumant Bhargavan was appointed as a Wholetime Director on ITC's Board effective November 16, 2018.
The Current Tax Liabilities (Net) as at 31st March, 2025, was ₹1229.65 Crores.
(A) They support the competitiveness of domestic value chains, especially in the agri space, thereby ensuring creation and retention of value within the country.
ITC undertook biomass boiler investments in its Foods, Cigarette, and Personal Care Businesses.
ITC first achieved Plastic Neutrality in the financial year 2021-22.
The associate company experienced audit trail compliance issues where the audit trail feature did not capture details of the user ID for transactions recorded at certain locations, accounting for approximately 1% of the total value of transactions for the year. This issue was identified prior to May 12, 2024, and the audit trail feature was enabled on that date. The compliance actions taken included upgrading the accounting software to meet the audit trail requirements on May 25, 2023.
I don't know based on the provided context.
(B) It aided the conclusion of collective bargaining agreements at several manufacturing units, ensured the smooth commencement of operations at greenfield locations, and enabled the execution of productivity improvement practices.
