The document does not provide specific information about how often details of investor complaints are filed with Stock Exchanges or SEBI. It only mentions that the Investor Service Centre (ISC) at ITC Limited is responsible for receiving and processing such complaints, but it doesn't specify the frequency of these filings.
Based on the information provided in ITC's Business Responsibility and Sustainability Report for FY 2024-25, the number of household toilets constructed under the Improving Health & Sanitation initiative is:  B) 43,840  This figure can be found in the report within the section discussing the "Improving Health & Sanitation" initiative.
The Statutory Auditors issued an unqualified (clean) opinion on the Company's financial statements for the year ended 31st March, 2025. This means that they have audited and verified the financial statements and found them to be in accordance with applicable accounting standards.
For 31st March, 2024, the value of 'Undisputed Dues – Others (Not Due)' was 1111.29 Crore. For 31st March, 2025, the value of 'Undisputed Dues – Others (Not Due)' was 1171.34 Crore.  The change between these two dates is: 1171.34 - 1111.29 = 60.05 Crore
(A) The annual financial statements are reviewed by the Audit Committee, performance reports are presented to the Board half-yearly, and Board Meeting Minutes with significant transactions are placed before the Board
(D) 14.43%
(A)
Sumant Bhargavan was appointed as a Wholetime Director on ITC's Board with effect from December 6, 2015.
The Current Tax Liabilities (Net) as at 31st March, 2025 was 4.05 crore.
(A)
The ITC businesses that undertook investments in biomass boilers were BTPL (Business Process Outsourcing and Managed Services) and IndiVision Limited. Specifically:  - BTPL, which is primarily engaged in providing end-to-end cloud-based solutions and services, owns 100% of the shareholding of Blazeclan Technologies PTE Ltd., Singapore.    - IndiVision Limited, which is principally engaged in providing business consulting services and opportunity-based trading of FMCG products, owns 100% of the shareholding of Blazeclan Technologies Pty. Limited, Australia.  These investments were made to increase BTPL's renewable energy capacity and support ITC's overall goal of achieving an overall renewable energy share of 52%.
ITC first achieved Plastic Neutrality in the fiscal year ending March 31, 2024.
The key details regarding the associate company's audit trail compliance issues include:  - The issue occurred in 2019. - It affected approximately 3% of the total transactions. - Compliance was not achieved due to a lack of proper segregation of duties. - A remediation plan was implemented, including training for employees and updating policies.
The Company issued 2,93,98,310 Ordinary Shares towards employee stock options during the year ended 31st March, 2025. The details are provided in Note 30(xiv) of the financial statements.
(C) It contributed to building harmonious stakeholder relationships, prevented employee victimization, and maintained confidentiality during investigations
