ITC_2025	ITC_2025_p354-p356_chunk354.txt
ITC_2025	ITC_2025_p395-p397_chunk395.txt
ITC_2025	ITC_2025_p45-p47_chunk045.txt
ITC_2025	ITC_2025_p193-p195_chunk193.txt
ITC_2025	ITC_2025_p42-p44_chunk042.txt
ITC_2025	ITC_2025_p49-p51_chunk049.txt
ITC_2025	ITC_2025_p22-p24_chunk022.txt
ITC_2025	ITC_2025_p22-p24_chunk022.txt
ITC_2025	ITC_2025_p290-p292_chunk290.txt
ITC_2025	ITC_2025_p69-p71_chunk069.txt
ITC_2025	ITC_2025_p386-p388_chunk386.txt
ITC_2025	ITC_2025_p367-p369_chunk367.txt
ITC_2025	ITC_2025_p322-p324_chunk322.txt
ITC_2025	ITC_2025_p328-p330_chunk328.txt
ITC_2025	ITC_2025_p110-p112_chunk110.txt
ITC_2025	ITC_2025_p386-p388_chunk386.txt
ITC_2025	ITC_2025_p20-p22_chunk020.txt
ITC_2025	ITC_2025_p79-p81_chunk079.txt
ITC_2025	ITC_2025_p395-p397_chunk395.txt
ITC_2025	ITC_2025_p211-p213_chunk211.txt
ITC_2025	ITC_2025_p217-p219_chunk217.txt
ITC_2025	ITC_2025_p193-p195_chunk193.txt
ITC_2025	ITC_2025_p45-p47_chunk045.txt
ITC_2025	ITC_2025_p132-p134_chunk132.txt
ITC_2025	ITC_2025_p106-p108_chunk106.txt
ITC_2025	ITC_2025_p193-p195_chunk193.txt
ITC_2025	ITC_2025_p211-p213_chunk211.txt
ITC_2025	ITC_2025_p290-p292_chunk290.txt
ITC_2025	ITC_2025_p214-p216_chunk214.txt
ITC_2025	ITC_2025_p86-p88_chunk086.txt
ITC_2025	ITC_2025_p324-p326_chunk324.txt
ITC_2025	ITC_2025_p42-p44_chunk042.txt
ITC_2025	ITC_2025_p131-p133_chunk131.txt
ITC_2025	ITC_2025_p86-p88_chunk086.txt
ITC_2025	ITC_2025_p20-p22_chunk020.txt
ITC_2025	ITC_2025_p322-p324_chunk322.txt
ITC_2025	ITC_2025_p10-p12_chunk010.txt
ITC_2025	ITC_2025_p310-p312_chunk310.txt
ITC_2025	ITC_2025_p194-p196_chunk194.txt
ITC_2025	ITC_2025_p179-p181_chunk179.txt
ITC_2025	ITC_2025_p141-p143_chunk141.txt
ITC_2025	ITC_2025_p381-p383_chunk381.txt
ITC_2025	ITC_2025_p310-p312_chunk310.txt
ITC_2025	ITC_2025_p105-p107_chunk105.txt
ITC_2025	ITC_2025_p110-p112_chunk110.txt
ITC_2025	ITC_2025_p214-p216_chunk214.txt
ITC_2025	ITC_2025_p237-p239_chunk237.txt
ITC_2025	ITC_2025_p328-p330_chunk328.txt
ITC_2025	ITC_2025_p366-p368_chunk366.txt
ITC_2025	ITC_2025_p22-p24_chunk022.txt
ITC_2025	ITC_2025_p194-p196_chunk194.txt
ITC_2025	ITC_2025_p324-p326_chunk324.txt
ITC_2025	ITC_2025_p69-p71_chunk069.txt
ITC_2025	ITC_2025_p328-p330_chunk328.txt
ITC_2025	ITC_2025_p299-p301_chunk299.txt
ITC_2025	ITC_2025_p86-p88_chunk086.txt
ITC_2025	ITC_2025_p10-p12_chunk010.txt
ITC_2025	ITC_2025_p11-p13_chunk011.txt
ITC_2025	ITC_2025_p410-p412_chunk410.txt
ITC_2025	ITC_2025_p115-p117_chunk115.txt
ITC_2025	ITC_2025_p366-p368_chunk366.txt
ITC_2025	ITC_2025_p42-p44_chunk042.txt
ITC_2025	ITC_2025_p152-p154_chunk152.txt
ITC_2025	ITC_2025_p18-p20_chunk018.txt
ITC_2025	ITC_2025_p67-p69_chunk067.txt
ITC_2025	ITC_2025_p324-p326_chunk324.txt
ITC_2025	ITC_2025_p237-p239_chunk237.txt
ITC_2025	ITC_2025_p11-p13_chunk011.txt
ITC_2025	ITC_2025_p356-p358_chunk356.txt
ITC_2025	ITC_2025_p356-p358_chunk356.txt
ITC_2025	ITC_2025_p68-p70_chunk068.txt
ITC_2025	ITC_2025_p106-p108_chunk106.txt
ITC_2025	ITC_2025_p141-p143_chunk141.txt
ITC_2025	ITC_2025_p152-p154_chunk152.txt
ITC_2025	ITC_2025_p106-p108_chunk106.txt
ITC_2025	ITC_2025_p49-p51_chunk049.txt
ITC_2025	ITC_2025_p20-p22_chunk020.txt
ITC_2025	ITC_2025_p237-p239_chunk237.txt
ITC_2025	ITC_2025_p69-p71_chunk069.txt
ITC_2025	ITC_2025_p131-p133_chunk131.txt
ITC_2025	ITC_2025_p288-p290_chunk288.txt
ITC_2025	ITC_2025_p132-p134_chunk132.txt
ITC_2025	ITC_2025_p67-p69_chunk067.txt
ITC_2025	ITC_2025_p291-p293_chunk291.txt
ITC_2025	ITC_2025_p353-p355_chunk353.txt
ITC_2025	ITC_2025_p405-p407_chunk405.txt
ITC_2025	ITC_2025_p405-p407_chunk405.txt
ITC_2025	ITC_2025_p132-p134_chunk132.txt
ITC_2025	ITC_2025_p68-p70_chunk068.txt
ITC_2025	ITC_2025_p405-p407_chunk405.txt
ITC_2025	ITC_2025_p386-p388_chunk386.txt
ITC_2025	ITC_2025_p250-p252_chunk250.txt
ITC_2025	ITC_2025_p179-p181_chunk179.txt
ITC_2025	ITC_2025_p250-p252_chunk250.txt
ITC_2025	ITC_2025_p67-p69_chunk067.txt
ITC_2025	ITC_2025_p310-p312_chunk310.txt
ITC_2025	ITC_2025_p291-p293_chunk291.txt
ITC_2025	ITC_2025_p367-p369_chunk367.txt
ITC_2025	ITC_2025_p250-p252_chunk250.txt
ITC_2025	ITC_2025_p152-p154_chunk152.txt
