How frequently are details of investor complaints filed with Stock Exchanges and SEBI?	factoid
According to ITC's Business Responsibility and Sustainability Report for FY 2024-25, how many household toilets were constructed under the Improving Health & Sanitation initiative? (A) 40,000 (B) 43,840 (C) 45,200 (D) 38,500	mcq
What audit opinion did the Statutory Auditors issue on the Company’s Financial Statements for the year ended 31st March, 2025?	factoid
List the values of 'Undisputed Dues – Others (Not Due)' for 31st March, 2024 and 31st March, 2025, and the change between them.	list
How does ITC oversee its subsidiary companies according to the corporate governance report? (A) The annual financial statements are reviewed by the Audit Committee, performance reports are presented to the Board half-yearly, and Board Meeting Minutes with significant transactions are placed before the Board (B) The Risk Management Committee reviews all subsidiary operations quarterly, and the Corporate Management Committee allocates resources to subsidiaries based on strategic plans (C) Independent directors conduct site visits to subsidiaries annually, and the Audit Committee approves all material transactions above specified thresholds (D) The Board of Directors directly manages subsidiary operations through monthly reviews, and all subsidiary policies require prior approval from the parent company's Board	mcq
What is the combined percentage of ITC's share capital held by Foreign Companies and Foreign Portfolio Investors as on 31st March, 2025? (A) 25.43% (B) 39.86% (C) 45.17% (D) 14.43%	mcq
Which key ITC food brands did Hemant Malik help launch and develop while heading marketing of the nascent Foods Business? (A) Aashirvaad, Sunfeast, Bingo!, YiPPee!, Kitchens of India (B) Bingo!, Classmate, Vivel, Engage, Fiama (C) Sunfeast, Paperboards, Personal Care, Education & Stationery (D) Aashirvaad, Tobacco, TM&D, Central Projects, Manufacturing	mcq
On what date was Sumant Bhargavan appointed as a Wholetime Director on ITC's Board?	factoid
What was the Current Tax Liabilities (Net) as at 31st March, 2025?	factoid
According to the text, how do ITC's home-grown FMCG brands support the domestic economy? (A) They support the competitiveness of domestic value chains, especially in the agri space, thereby ensuring creation and retention of value within the country (B) They leverage cutting-edge digital technologies and Industry 4.0 to strengthen real-time operations and enhance productivity (C) They represent an annual consumer spend of over ₹34,000 crores and reach over 260 million households in India (D) They utilize deep consumer insights and R&D capabilities to launch over 100 new products across target markets	mcq
What are the ITC businesses where biomass boiler investments were undertaken?	list
In which financial year did ITC first achieve Plastic Neutrality?	factoid
List the key details regarding the associate company's audit trail compliance issues, including the time period, impact proportion, and compliance actions taken.	list
During the year ended 31st March, 2025, how many Ordinary Shares did the Company issue towards employee stock options, and what was the amount?	factoid
What operational outcomes were aided by ITC's robust Employee Relations platform? (A) It facilitated the implementation of whistleblower policies, enabled smooth investigation of employee complaints, and supported the establishment of audit committee oversight (B) It aided the conclusion of collective bargaining agreements at several manufacturing units, ensured the smooth commencement of operations at greenfield locations, and enabled the execution of productivity improvement practices (C) It contributed to building harmonious stakeholder relationships, prevented employee victimization, and maintained confidentiality during investigations (D) It supported the creation of trust and empowerment environments, provided access to best-in-class resources and technology, and facilitated continuous learning opportunities	mcq
List all waste categories that showed year-over-year increases from FY 2023-24 to FY 2024-25, along with their increase amounts.	list
What are the key issues addressed by ITC's Sustainability 2.0 vision articulated by Sanjiv Puri?	list
Which ITC unit received the CII Quality Circle Competition Winner Award in the Northern Region? (A) The Mumbai Unit (B) The Haridwar Unit (C) The Delhi Unit (D) The Kolkata Unit	mcq
What are the multiple options consumers have to connect with ITC and provide feedback?	list
What are the key assumptions and their corresponding values used in the Black Scholes Option Pricing model for ITC's option valuation?	list
What are all the subsidiaries that ITC had up to 31.12.2024?	list
What was the total current Trade Payables for ITC as at 31st March, 2025? (A) 4489.55 crores (B) 4489.82 crores (C) 4282.70 crores (D) 4311.58 crores	mcq
What are the specific Listing Regulations with which ITC confirms compliance?	list
List the re-appointment terms and their lengths for the directors mentioned in the context.	list
Which agri-commodities does ITC source through backward integration according to their 2025 report? (A) Rice, sugarcane, cotton, tea, coffee, and barley (B) Wheat, potato, fruit pulp, spices, milk, and leaf tobacco (C) Corn, tomato, vegetable oils, herbs, dairy products, and cigarette tobacco (D) Wheat, onion, fruit concentrate, seasonings, cream, and smoking tobacco	mcq
What are the components and amounts under item (a) 'Principal amount remaining unpaid to any supplier' as at 31st March, 2025? (A) On account of trade payables: 178.24 crores; On account of liabilities other than trade payables: 19.85 crores; Total: 198.09 crores (B) On account of trade payables: 206.85 crores; On account of liabilities other than trade payables: 19.85 crores; Total: 226.70 crores (C) On account of trade payables: 178.24 crores; On account of liabilities other than trade payables: 4311.58 crores; Total: 4489.82 crores (D) On account of trade payables: 120.57 crores; On account of liabilities other than trade payables: 19.85 crores; Total: 140.42 crores	mcq
What was the weighted average share price of shares arising upon exercise of options during the year ended 31st March, 2025?	factoid
What was the increase in total revenue from operations for ITC Limited from the year ended 31st March, 2024 to the year ended 31st March, 2025? (A) 6,542.18 crores (B) 7,721.35 crores (C) 8,156.42 crores (D) 9,234.67 crores	mcq
Between 31st March, 2024 and 31st March, 2025, which ratio declined more and by how much? (A) The Inventory Turnover Ratio declined more, falling by 0.67 times compared to Trade Receivables Turnover which fell by 3.94 times (B) The Trade Receivables Turnover Ratio declined more, falling by 3.94 times compared to Inventory Turnover which fell by 0.67 times (C) The Inventory Turnover Ratio declined more, falling by 3.94 times compared to Trade Receivables Turnover which fell by 0.67 times (D) Both ratios declined equally by 0.67 times each	mcq
What are the ways the newly commissioned High Pressure Recovery Boiler at the Bhadrachalam mill supports the Business's sustainability objectives?	list
What are the three business groups that ITC is currently focused on?	list
Who serves as the Secretary to the Corporate Management Committee (CMC)?	factoid
Which court quashed some of the proceedings and prosecutions initiated by the Enforcement Directorate against ITC? (A) The Honourable Supreme Court of India (B) The Honourable Delhi High Court (C) The Honourable Calcutta High Court (D) The Honourable Bombay High Court	mcq
What is the name of ITC's Supply Chain Transformation Project that was established to enhance customer service and realize value from supply chain optimization? (A) OJAS (B) BRICS (C) Digital App Suite (D) Make in India	mcq
List the leadership roles that Sanjiv Puri holds in national and international organizations.	list
What amount was recognised as Goodwill pursuant to the acquisition?	factoid
In which segment has ITC strengthened its leadership position by developing customised solutions for end-use industries?	factoid
What is the share in total comprehensive income for ITC Hotels Limited# among associates (percentage and amount in crores)? (A) 0.26% and 88.69 crores (B) 0.24% and 82.45 crores (C) 0.28% and 91.23 crores (D) 0.22% and 85.17 crores	mcq
What are the components and amounts that make up Other liabilities (Current) as at 31st March, 2025? (A) Statutory Liabilities: 4398.88 Crores; Advances received from customers: 828.69 Crores; Others (includes deferred revenue, accruals etc.): 162.18 Crores (B) Statutory Liabilities: 4688.79 Crores; Advances received from customers: 1357.07 Crores; Others (includes deferred revenue, accruals etc.): 24.16 Crores (C) Trade payables: 178.24 Crores; Other liabilities: 19.85 Crores; Interest due: 0 Crores (D) Statutory Liabilities: 4688.79 Crores; Trade payables: 178.24 Crores; Others (includes deferred revenue, accruals etc.): 162.18 Crores	mcq
List the non-current employee loan amounts for the Company as at 31st March, 2024 and 31st March, 2025.	list
Which institution is used to revive and restore vanishing musical sub-genres, and when was it established?	factoid
What was the total number of complaints reported under the Sexual Harassment of Women at Workplace Act (POSH) in FY 2024-25?	factoid
What are the Blazeclan entities and their respective total comprehensive income amounts (in crores)?	list
What are the key cybersecurity measures ITC has implemented to protect against cyber-attacks?	list
What are the reasons why integrating societal value creation into corporate strategy leads to more enduring growth for stakeholders?	list
What is the Current Ratio (in times) as of 31st March, 2025?	factoid
Did the Company incur cash losses in the current and immediately preceding financial year?	factoid
What was the change in total fair value of derivatives measured at fair value between 31st March, 2024 and 31st March, 2025? (A) It increased by 44.02 Crores (from 2.90 Crores to 46.92 Crores) (B) It decreased by 44.02 Crores (from 46.92 Crores to 2.90 Crores) (C) It increased by 41.12 Crores (from 5.80 Crores to 46.92 Crores) (D) It increased by 46.92 Crores (from 0 Crores to 46.92 Crores)	mcq
How do ITC LSTC's proprietary patented barrier solutions contribute to sustainability in the Quick Service Restaurant (QSR) segment while maintaining product performance? (A) They provide excellent barriers to oil, grease, and water that enhance product performance, and they align with global sustainability goals by reducing dependency on conventional fossil fuel derived materials. (B) They offer superior barrier properties to moisture and air while reducing packaging weight and increasing recycled content in QSR applications. (C) They enhance product performance through advanced synthetic polymer technology and contribute to sustainability by improving recyclability of conventional materials. (D) They provide effective barriers to contamination and extend shelf life while supporting sustainability through reduced salt, sugar and fat content in food products.	mcq
List all the committee positions that Sumant Bhargavan holds across different entities.	list
Were there any dues to Micro and Small Enterprises outstanding for more than 45 days during the year and as at 31st March, 2025?	factoid
What was the change in total non-current assets for ITC from 2024 to 2025? (A) They increased by 7,992.94 crores (from 24,103.31 crores in 2024 to 32,096.25 crores in 2025) (B) They decreased by 7,992.94 crores (from 32,096.25 crores in 2024 to 24,103.31 crores in 2025) (C) They decreased by 5,955.87 crores (from 29,781.42 crores in 2024 to 23,825.55 crores in 2025) (D) They increased by 2,037.07 crores (from 2,314.83 crores in 2024 to 277.76 crores in 2025)	mcq
What are the key pillars that anchor ITC's initiatives to enhance operations using digital technologies? (A) Consumer insights & innovation; brand engagement; personalized journeys; Always On approach; cutting-edge R&D capabilities (B) Synchronised planning and forecasting; agile, resilient & efficient supply chain; smart buying & value engineering; smart manufacturing; smart demand capture & fulfilment (C) Industry 4.0; Advanced Analytics; Big Data; Internet of Things; real-time operations platform (D) Omni-channel capability; supply chain excellence; organic growth strategy; agile innovation; domestic value chains	mcq
Which of the following items are included under financial assets measured at fair value through profit or loss? (A) Investment in Mutual Funds; Investment in Bonds/Debentures, Certificates of Deposit; Investment in Venture Capital Funds; Investment in Equity & Preference Shares (B) Investment in Mutual Funds; Investment in Equity Shares; Cash and cash equivalents; Bank Balances (C) Investment in Bonds/Debentures & Government Securities; Investment in Mutual Funds; Trade receivables; Other financial assets (D) Investment in Equity Shares; Investment in Mutual Funds; Investment in Government Securities; Loans	mcq
As at 31 March 2025, what is ITC’s percentage ownership interest in Russell Credit Limited?	factoid
What are the themes covered by the Business's Digital App Suite?	list
What are ITC's recent acquisitions that reflect its strategy to build a portfolio aligned with evolving consumer needs?	list
What does ITC aim to achieve through its acquisition of 24 Mantra Organic?	factoid
When and with whom was the CII–ITC Centre of Excellence for Sustainable Development (CESD) established?	factoid
What unique certification did the ITC Sankhya data centre in Bengaluru achieve?	factoid
Which product categories is the Personal Care Products Business (PCPB) R&D team at LSTC focusing on to build future product pipeline readiness? (A) Health & Hygiene, Personal Wash, Fragrances, Home Care, and Skin Care (B) Wheat, Potato, Spices, Personal Wash, and Home Care (C) Health & Hygiene, Branded Packaged Foods, Fragrances, and Skin Care (D) Personal Wash, Home Care, Quick Service Restaurant, and Sustainable Materials	mcq
According to ITC's Corporate Governance report, what is the primary purpose of the Familiarisation Programme for Directors? (A) To ensure directors can allocate resources effectively and formulate business plans within the Corporate Management Committee framework (B) To enable them to take well-informed and timely decisions and effectively discharge their role of trusteeship in a manner that fulfils stakeholders' aspirations and societal expectations (C) To help directors review the annual financial statements of subsidiary companies and monitor significant transactions and arrangements (D) To allow directors to contribute to strategic management of the Company's businesses and realisation of Company goals under Board supervision	mcq
List the changes in remuneration metrics for ITC employees and Key Managerial Personnel (KMPs) in FY 2024-25 compared to FY 2023-24.	list
List the Board Committees that include Sanjiv Puri and his role on each committee.	list
What are the factors that enable duty-paid cigarettes to contribute more than four-fifths of tobacco-sector revenue despite accounting for only one-tenth of tobacco consumed?	list
What was the Group’s total revenue from external customers in 2025?	factoid
What are the bases the auditors considered under clause (xix) when assessing whether the Company can meet its liabilities due within one year?	list
How does ITC's approach to nurturing talent combine startup-style execution with the advantages of a large enterprise? (A) ITC develops a diverse pool of professional entrepreneurs, or 'proneurs', who can nurture categories, products and brands from ideation to execution akin to a startup, while being backed by the scale and institutional strengths of a diversified enterprise. (B) ITC creates independent startup units within the company that operate separately from the main enterprise while accessing corporate resources through the Life Sciences & Technology Centre. (C) ITC partners with external startups through value-accretive acquisitions like 24 Mantra Organic and Yoga Bar to combine entrepreneurial talent with enterprise capabilities. (D) ITC establishes innovation labs that function like startups but are supported by the company's research platforms in Beauty & Hygiene, Health & Wellness, and Sustainable Packaging Materials.	mcq
What are the key initiatives under ITC's holistic sustainable packaging strategy for 'No Plastics' and 'Less Plastics'?	list
Which committee is responsible for reviewing performance and progress against ITC's Sustainability 2.0 targets? (A) The Sustainability Compliance and Review Committee (SCRC) (B) The Environmental Risk Management Committee (ERMC) (C) The Business Responsibility and Sustainability Committee (BRSC) (D) The Life-Cycle Assessment Review Committee (LCARC)	mcq
What prestigious HR award was the Business honoured with as a testimony to the success of its digital initiatives?	factoid
How many times did the Risk Management Committee meet during the year 2025 at ITC? (A) Twice (B) Thrice (C) Four times (D) Five times	mcq
What are the Water Stewardship measures that contribute to environmental sustainability in agricultural and urban catchments?	list
How many permanent employees did ITC have as on 31st March, 2025?	factoid
List the areas that Internal Audit has enhanced its focus on for digital assets systems and controls.	list
What is ITC's stock code on BSE?	factoid
What is Sanjiv Puri’s current designation at ITC Limited?	factoid
Does the auditor's statement in clause (xix) provide a guarantee that the Company will discharge all liabilities falling due within one year from the balance sheet date? (A) Yes, the auditor provides a full guarantee that all liabilities will be discharged as they fall due within one year. (B) Yes, while not explicitly called a guarantee, the auditor's examination provides sufficient assurance that all liabilities will be met. (C) No, the auditor only states that no material uncertainty exists but explicitly disclaims providing any guarantee or assurance about future discharge of liabilities. (D) Partially, the auditor guarantees payment of financial liabilities but not other types of liabilities falling due within one year.	mcq
Which of the company's brands is ranked No. 1 in Notebooks?	factoid
What are the factors that supported the INR towards the end of the year?	list
What is the total current borrowings as at 31st March, 2025?	factoid
How many meetings of the Board were held during the year ended 31st March, 2025?	factoid
What are the unintended negative repercussions of stringent regulations and discriminatory steep taxation on cigarettes in India mentioned in the report?	list
What was the combined gross revenue from sale of products and services for the Agri Business segment in 2025 (Unmanufactured Tobacco plus Other Agri Products and Commodities)? (A) 11,244.00 crores (B) 12,244.00 crores (C) 13,244.00 crores (D) 10,244.00 crores	mcq
What was the Company's turnover for the year ended 31st March, 2025?	factoid
What type of assurance was the engagement designed to obtain on the sustainability disclosures in the BRSR Core?	factoid
How many operational locations were identified for substantive testing of ISI data in ITC's sustainability reporting process? (A) 15 locations including ICML Mysore, ICML Kapurthala, FBD Munger, ITC Maurya, PSPD Tribeni, PCPBD Manpura, ITD Bangalore, and PPB Munger (B) 18 locations including ICML facilities in Mysore and Kapurthala, FBD Munger, hotel properties, PSPD units, PCPB divisions, ITD centers, and PPB facilities (C) 20 locations including ICML Mysore, ICML Kapurthala, ICML Panchla, ICML Haridwar, ICML Pune, FBD Munger, ITC Maurya, Sheraton New Delhi, PSPD Tribeni, PSPD Kovai, PSPD Bhadrachalam, PCPBD Manpura, PCPB Haridwar, ITD Bangalore, ITD Pune, ITD Munger, KGLT Mysore, PPB Munger, PPB Nadiad, and PPB Haridwar (D) 22 locations covering all major business divisions including ICML, FBD, hotel properties, PSPD, PCPB, ITD, and PPB facilities across India	mcq
Which of the following correctly lists the Non-Executive Directors appointed along with their representing organizations and effective appointment dates? (A) Mr. Atul Singh — Tobacco Manufacturers (India) Limited (TMI) — 2nd April, 2024; Dr. Alok Pande — Specified Undertaking of the Unit Trust of India (SUUTI) — 27th July, 2024; Mr. Siddhartha Mohanty — Life Insurance Corporation of India (LIC) — 1st January, 2025. (B) Mr. Atul Singh — British America Tobacco p.l.c. — 2nd April, 2024; Dr. Alok Pande — Unit Trust of India — 27th July, 2024; Mr. Siddhartha Mohanty — Life Insurance Corporation of India (LIC) — 1st January, 2025. (C) Mr. Sunil Panray — Tobacco Manufacturers (India) Limited (TMI) — 2nd April, 2024; Dr. Alok Pande — Specified Undertaking of the Unit Trust of India (SUUTI) — 27th July, 2024; Mr. Siddhartha Mohanty — Life Insurance Corporation of India (LIC) — 1st January, 2025. (D) Mr. Atul Singh — Tobacco Manufacturers (India) Limited (TMI) — 14th September, 2024; Dr. Alok Pande — Specified Undertaking of the Unit Trust of India (SUUTI) — 31st May, 2024; Mr. Siddhartha Mohanty — Life Insurance Corporation of India (LIC) — 27th October, 2024.	mcq
List the specific actions taken by ITC's FMCG – Others Segment to partially mitigate inflationary pressures from rising input costs.	list
What are the reasons the team obtained an understanding of the internal control relevant to the ISI covered by reasonable assurance?	list
What renewable energy share did ITC achieve?	factoid
What was the Equity Share capital as at 31st March, 2025?	factoid
What is the aggregate market value of quoted investments as at 31st March, 2025?	factoid
What was the change in total outstanding dues of creditors other than micro and small enterprises from 31st March, 2024 to 31st March, 2025? (A) Increased by ₹36.06 crores (from ₹4,590.60 crores to ₹4,626.66 crores) (B) Decreased by ₹36.06 crores (from ₹4,626.66 crores to ₹4,590.60 crores) (C) Increased by ₹63.06 crores (from ₹4,590.60 crores to ₹4,653.66 crores) (D) Increased by ₹26.06 crores (from ₹4,590.60 crores to ₹4,616.66 crores)	mcq
Approximately how much annual revenue loss to the Government is attributed to illicit cigarettes alone?	factoid
List all associates with negative shares in profit or loss, along with their respective percentages and amounts.	list
As at 31st March, 2025, what was the Current Tax Liabilities (Net)?	factoid
What are the key initiatives and processes that enabled ITC to maintain Plastic Neutrality in FY 2024-25?	list
What are the components of Current assets – Financial Assets as at 31st March, 2025 for ITC with their respective amounts? (A) Investments – ₹13,720.54 crores; Trade receivables – ₹4,025.82 crores; Cash and cash equivalents – ₹625.89 crores; Bank balances other than (iii) above – ₹6,591.79 crores; Loans – ₹9.81 crores; Others – ₹1,181.74 crores (B) Investments – ₹16,287.50 crores; Trade receivables – ₹4,719.67 crores; Cash and cash equivalents – ₹620.00 crores; Bank balances other than (iii) above – ₹3,392.36 crores; Loans – ₹9.51 crores; Others – ₹1,656.25 crores (C) Investments – ₹17,619.87 crores; Trade receivables – ₹4,719.67 crores; Cash and cash equivalents – ₹620.00 crores; Bank balances other than (iii) above – ₹3,392.36 crores; Loans – ₹7.60 crores; Others – ₹1,557.57 crores (D) Investments – ₹16,287.50 crores; Trade receivables – ₹4,025.82 crores; Cash and cash equivalents – ₹625.89 crores; Bank balances other than (iii) above – ₹6,591.79 crores; Loans – ₹9.51 crores; Others – ₹1,656.25 crores	mcq
Which directors had appointment or cessation changes as noted in the footnotes, along with their respective categories and effective dates? (A) Appointed: C K Mishra (Independent Director, 14.09.2024); S Mohanty (Non-Executive Director, 01.01.2025); A Pande (Non-Executive Director, 27.07.2024); A Singh (Non-Executive Director, 02.04.2024); P Subrahmanyam (Independent Director, 02.04.2024). Ceased: S Banerjee (Independent Director, 30.07.2024); A Duggal (Independent Director, 15.09.2024); M Shankar (Independent Director, 15.09.2024); M Gupta (Non-Executive Director, 27.10.2024); R Jain (Non-Executive Director, 31.05.2024). (B) Appointed: C K Mishra (Non-Executive Director, 14.09.2024); S Mohanty (Independent Director, 01.01.2025); A Pande (Independent Director, 27.07.2024); A Singh (Non-Executive Director, 02.04.2024). Ceased: S Banerjee (Independent Director, 30.07.2024); A Duggal (Independent Director, 15.09.2024); M Shankar (Non-Executive Director, 15.09.2024); M Gupta (Non-Executive Director, 27.10.2024). (C) Appointed: C K Mishra (Independent Director, 15.09.2024); S Mohanty (Non-Executive Director, 01.01.2025); A Pande (Non-Executive Director, 27.07.2024); P Subrahmanyam (Independent Director, 02.04.2024). Ceased: S Banerjee (Independent Director, 30.07.2024); A Duggal (Independent Director, 14.09.2024); M Shankar (Independent Director, 15.09.2024); R Jain (Non-Executive Director, 31.05.2024). (D) Appointed: C K Mishra (Independent Director, 14.09.2024); A Pande (Non-Executive Director, 27.07.2024); A Singh (Executive Director, 02.04.2024); P Subrahmanyam (Independent Director, 02.04.2024). Ceased: S Banerjee (Non-Executive Director, 30.07.2024); A Duggal (Independent Director, 15.09.2024); M Shankar (Independent Director, 15.09.2024); M Gupta (Non-Executive Director, 27.10.2024).	mcq
